frame.number,frame.time,wlan_radio.signal_db,wlan_radio.channel,wlan.ssid,_ws.col.protocol,ip.ttl,wlan.bssid,wlan.sa,wlan.ta,wlan.ra,wlan.da,ip.src,ip.dst,tcp.srcport,tcp.dstport,tcp.flags,_ws.col.info,frame.len,frame.time_delta_displayed,ppi_gps.lat,ppi_gps.lon,"ppi_gps.alt"
1,"Mar 14, 2025 13:51:42.812717000 Pakistan Standard Time",,,,TLSv1.2,,,,,,,,,443,51237,0x0018,Application Data,113,0.000000000,,,""
2,"Mar 14, 2025 13:51:42.812819000 Pakistan Standard Time",,,,TCP,,,,,,,,,51237,443,0x0010,51237 → https(443) [ACK] Seq=1 Ack=40 Win=1021 Len=0,74,0.000102000,,,""
3,"Mar 14, 2025 13:51:42.815675000 Pakistan Standard Time",,,,TLSv1.2,,,,,,,,,443,51238,0x0018,Application Data,113,0.002856000,,,""
4,"Mar 14, 2025 13:51:42.815746000 Pakistan Standard Time",,,,TCP,,,,,,,,,51238,443,0x0010,51238 → https(443) [ACK] Seq=1 Ack=40 Win=1021 Len=0,74,0.000071000,,,""
5,"Mar 14, 2025 13:51:43.097253000 Pakistan Standard Time",,,,TLSv1.2,,,,,,,,,443,51240,0x0018,Application Data,113,0.281507000,,,""
6,"Mar 14, 2025 13:51:43.097375000 Pakistan Standard Time",,,,TCP,,,,,,,,,51240,443,0x0010,51240 → https(443) [ACK] Seq=1 Ack=40 Win=1021 Len=0,74,0.000122000,,,""
7,"Mar 14, 2025 13:51:43.158587000 Pakistan Standard Time",,,,DNS,,,,,,,,,,,,Standard query 0x84f2 PTR 7.6.1.0.0.0.0.0.c.0.0.b.e.c.a.f.0.2.1.0.a.4.3.f.0.8.8.2.3.0.a.2.ip6.arpa OPT,163,0.061212000,,,""
8,"Mar 14, 2025 13:51:43.159036000 Pakistan Standard Time",,,,DNS,,,,,,,,,,,,Standard query 0x8bb0 PTR b.2.1.d.3.5.b.d.c.a.2.f.0.0.0.e.3.3.f.1.d.0.0.0.0.0.0.d.7.0.4.2.ip6.arpa OPT,163,0.000449000,,,""
9,"Mar 14, 2025 13:51:43.187763000 Pakistan Standard Time",,,,DNS,,,,,,,,,,,,Standard query response 0x84f2 PTR 7.6.1.0.0.0.0.0.c.0.0.b.e.c.a.f.0.2.1.0.a.4.3.f.0.8.8.2.3.0.a.2.ip6.arpa PTR whatsapp-cdn6-shv-02-mct1.fbcdn.net OPT,212,0.028727000,,,""
10,"Mar 14, 2025 13:51:43.196720000 Pakistan Standard Time",,,,DNS,,,,,,,,,,,,Standard query response 0x8bb0 No such name PTR b.2.1.d.3.5.b.d.c.a.2.f.0.0.0.e.3.3.f.1.d.0.0.0.0.0.0.d.7.0.4.2.ip6.arpa SOA ns10.nayatel.com OPT,260,0.008957000,,,""
11,"Mar 14, 2025 13:51:43.391471000 Pakistan Standard Time",,,,MDNS,255,,,,,,192.168.100.68,224.0.0.251,,,,"Standard query response 0x0000 PTR, cache flush Android-3.local PTR, cache flush Android-3.local A, cache flush 192.168.100.68 AAAA, cache flush fe80::a859:3fff:fef4:8a88 NSEC, cache flush 68.100.168.192.in-addr.arpa NSEC, cache flush 8.8.A.8.4.F.E.F.F.F.F.3.9.5.8.A.0.0.0.0.0.0.0.0.0.0.0.0.0.8.E.F.ip6.arpa NSEC, cache flush Android-3.local",292,0.194751000,,,""
12,"Mar 14, 2025 13:51:44.090633000 Pakistan Standard Time",,,,DNS,,,,,,,,,,,,Standard query 0xac58 PTR 7.6.1.0.0.0.0.0.c.0.0.b.e.c.a.f.d.c.0.0.7.6.2.f.0.8.8.2.3.0.a.2.ip6.arpa OPT,163,0.699162000,,,""
13,"Mar 14, 2025 13:51:44.091035000 Pakistan Standard Time",,,,DNS,,,,,,,,,,,,Standard query 0x8ae2 PTR 7.6.1.0.0.0.0.0.c.0.0.b.e.c.a.f.0.2.1.0.c.4.3.f.0.8.8.2.3.0.a.2.ip6.arpa OPT,163,0.000402000,,,""
14,"Mar 14, 2025 13:51:44.091433000 Pakistan Standard Time",,,,DNS,,,,,,,,,,,,Standard query 0x2cb9 PTR e.5.1.5.a.4.c.3.7.7.0.8.1.9.7.f.0.0.0.0.0.0.0.0.0.0.0.0.0.8.e.f.ip6.arpa OPT,163,0.000398000,,,""
15,"Mar 14, 2025 13:51:44.091799000 Pakistan Standard Time",,,,DNS,,,,,,,,,,,,Standard query 0x14fa PTR 1.0.0.0.0.0.0.0.0.0.0.0.0.0.0.0.0.0.0.0.0.0.0.0.0.0.0.0.0.8.e.f.ip6.arpa OPT,163,0.000366000,,,""
16,"Mar 14, 2025 13:51:44.092119000 Pakistan Standard Time",,,,DNS,,,,,,,,,,,,Standard query 0x427c PTR 68.100.168.192.in-addr.arpa OPT,118,0.000320000,,,""
17,"Mar 14, 2025 13:51:44.092454000 Pakistan Standard Time",,,,DNS,,,,,,,,,,,,Standard query 0xacb9 PTR 251.0.0.224.in-addr.arpa OPT,115,0.000335000,,,""
18,"Mar 14, 2025 13:51:44.117604000 Pakistan Standard Time",,,,DNS,,,,,,,,,,,,Standard query response 0xac58 PTR 7.6.1.0.0.0.0.0.c.0.0.b.e.c.a.f.d.c.0.0.7.6.2.f.0.8.8.2.3.0.a.2.ip6.arpa PTR whatsapp-cdn6-shv-01-mct1.fbcdn.net OPT,212,0.025150000,,,""
19,"Mar 14, 2025 13:51:44.117604000 Pakistan Standard Time",,,,DNS,,,,,,,,,,,,Standard query response 0x8ae2 PTR 7.6.1.0.0.0.0.0.c.0.0.b.e.c.a.f.0.2.1.0.c.4.3.f.0.8.8.2.3.0.a.2.ip6.arpa PTR whatsapp-cdn6-shv-01-sin2.fbcdn.net OPT,212,0.000000000,,,""
20,"Mar 14, 2025 13:51:44.117604000 Pakistan Standard Time",,,,DNS,,,,,,,,,,,,Standard query response 0x2cb9 No such name PTR e.5.1.5.a.4.c.3.7.7.0.8.1.9.7.f.0.0.0.0.0.0.0.0.0.0.0.0.0.8.e.f.ip6.arpa SOA 8.E.F.IP6.ARPA OPT,212,0.000000000,,,""
21,"Mar 14, 2025 13:51:44.123635000 Pakistan Standard Time",,,,DNS,,,,,,,,,,,,Standard query response 0x14fa No such name PTR 1.0.0.0.0.0.0.0.0.0.0.0.0.0.0.0.0.0.0.0.0.0.0.0.0.0.0.0.0.8.e.f.ip6.arpa SOA 8.E.F.IP6.ARPA OPT,212,0.006031000,,,""
22,"Mar 14, 2025 13:51:44.123635000 Pakistan Standard Time",,,,DNS,,,,,,,,,,,,Standard query response 0x427c No such name PTR 68.100.168.192.in-addr.arpa SOA 168.192.IN-ADDR.ARPA OPT,173,0.000000000,,,""
23,"Mar 14, 2025 13:51:44.123772000 Pakistan Standard Time",,,,DNS,,,,,,,,,,,,Standard query response 0xacb9 PTR 251.0.0.224.in-addr.arpa PTR mdns.mcast.net OPT,143,0.000137000,,,""
24,"Mar 14, 2025 13:51:47.823967000 Pakistan Standard Time",,,,TLSv1.2,,,,,,,,,443,51238,0x0018,Application Data,98,3.700195000,,,""
25,"Mar 14, 2025 13:51:47.823967000 Pakistan Standard Time",,,,TCP,,,,,,,,,443,51238,0x0011,"https(443) → 51238 [FIN, ACK] Seq=64 Ack=1 Win=267 Len=0",74,0.000000000,,,""
26,"Mar 14, 2025 13:51:47.824061000 Pakistan Standard Time",,,,TCP,,,,,,,,,51238,443,0x0010,51238 → https(443) [ACK] Seq=1 Ack=65 Win=1021 Len=0,74,0.000094000,,,""
27,"Mar 14, 2025 13:51:47.834576000 Pakistan Standard Time",,,,TLSv1.2,,,,,,,,,443,51237,0x0018,Application Data,98,0.010515000,,,""
28,"Mar 14, 2025 13:51:47.834576000 Pakistan Standard Time",,,,TCP,,,,,,,,,443,51237,0x0011,"https(443) → 51237 [FIN, ACK] Seq=64 Ack=1 Win=262 Len=0",74,0.000000000,,,""
29,"Mar 14, 2025 13:51:47.834652000 Pakistan Standard Time",,,,TCP,,,,,,,,,51237,443,0x0010,51237 → https(443) [ACK] Seq=1 Ack=65 Win=1021 Len=0,74,0.000076000,,,""
30,"Mar 14, 2025 13:51:48.099828000 Pakistan Standard Time",,,,TLSv1.2,,,,,,,,,443,51240,0x0018,Application Data,98,0.265176000,,,""
31,"Mar 14, 2025 13:51:48.099828000 Pakistan Standard Time",,,,TCP,,,,,,,,,443,51240,0x0011,"https(443) → 51240 [FIN, ACK] Seq=64 Ack=1 Win=267 Len=0",74,0.000000000,,,""
32,"Mar 14, 2025 13:51:48.099913000 Pakistan Standard Time",,,,TCP,,,,,,,,,51240,443,0x0010,51240 → https(443) [ACK] Seq=1 Ack=65 Win=1021 Len=0,74,0.000085000,,,""
33,"Mar 14, 2025 13:51:49.207735000 Pakistan Standard Time",,,,TCP,62,,,,,,13.68.233.9,192.168.100.149,443,51223,0x0010,https(443) → 51223 [ACK] Seq=1 Ack=1 Win=16386 Len=0,60,1.107822000,,,""
34,"Mar 14, 2025 13:51:49.207778000 Pakistan Standard Time",,,,TCP,128,,,,,,192.168.100.149,13.68.233.9,51223,443,0x0010,[TCP ACKed unseen segment] 51223 → https(443) [ACK] Seq=1 Ack=2 Win=251 Len=0,54,0.000043000,,,""
35,"Mar 14, 2025 13:51:49.327643000 Pakistan Standard Time",,,,IGMPv2,1,,,,,,192.168.100.68,224.0.0.251,,,,Membership Report group 224.0.0.251,46,0.119865000,,,""
36,"Mar 14, 2025 13:51:49.574086000 Pakistan Standard Time",,,,TCP,107,,,,,,52.178.17.2,192.168.100.149,443,51224,0x0014,"https(443) → 51224 [RST, ACK] Seq=1 Ack=1 Win=0 Len=0",60,0.246443000,,,""
37,"Mar 14, 2025 13:51:50.107314000 Pakistan Standard Time",,,,DNS,,,,,,,,,,,,Standard query 0xa22a PTR 9.233.68.13.in-addr.arpa OPT,115,0.533228000,,,""
38,"Mar 14, 2025 13:51:50.107895000 Pakistan Standard Time",,,,DNS,,,,,,,,,,,,Standard query 0x6796 PTR 149.100.168.192.in-addr.arpa OPT,119,0.000581000,,,""
39,"Mar 14, 2025 13:51:50.108288000 Pakistan Standard Time",,,,DNS,,,,,,,,,,,,Standard query 0xa41f PTR 2.17.178.52.in-addr.arpa OPT,115,0.000393000,,,""
40,"Mar 14, 2025 13:51:50.124662000 Pakistan Standard Time",,,,DNS,,,,,,,,,,,,Standard query response 0xa22a No such name PTR 9.233.68.13.in-addr.arpa SOA ns1-201.azure-dns.com OPT,192,0.016374000,,,""
41,"Mar 14, 2025 13:51:50.124662000 Pakistan Standard Time",,,,DNS,,,,,,,,,,,,Standard query response 0x6796 No such name PTR 149.100.168.192.in-addr.arpa SOA 168.192.IN-ADDR.ARPA OPT,174,0.000000000,,,""
42,"Mar 14, 2025 13:51:50.167748000 Pakistan Standard Time",,,,DNS,,,,,,,,,,,,Standard query response 0xa41f No such name PTR 2.17.178.52.in-addr.arpa SOA ns1-201.azure-dns.com OPT,192,0.043086000,,,""
43,"Mar 14, 2025 13:51:50.557690000 Pakistan Standard Time",,,,ARP,,,,,,,,,,,,Who has 192.168.100.11? Tell 192.168.100.1,60,0.389942000,,,""
44,"Mar 14, 2025 13:51:51.069945000 Pakistan Standard Time",,,,TCP,62,,,,,,52.98.61.34,192.168.100.149,443,51229,0x0010,https(443) → 51229 [ACK] Seq=1 Ack=1 Win=16386 Len=0,60,0.512255000,,,""
45,"Mar 14, 2025 13:51:51.069996000 Pakistan Standard Time",,,,TCP,128,,,,,,192.168.100.149,52.98.61.34,51229,443,0x0010,[TCP ACKed unseen segment] 51229 → https(443) [ACK] Seq=1 Ack=2 Win=1024 Len=0,54,0.000051000,,,""
46,"Mar 14, 2025 13:51:51.105887000 Pakistan Standard Time",,,,DNS,,,,,,,,,,,,Standard query 0x090a PTR 1.100.168.192.in-addr.arpa OPT,117,0.035891000,,,""
47,"Mar 14, 2025 13:51:51.116226000 Pakistan Standard Time",,,,DNS,,,,,,,,,,,,Standard query response 0x090a No such name PTR 1.100.168.192.in-addr.arpa SOA 168.192.IN-ADDR.ARPA OPT,172,0.010339000,,,""
48,"Mar 14, 2025 13:51:51.378597000 Pakistan Standard Time",,,,MDNS,255,,,,,,192.168.100.68,224.0.0.251,,,,"Standard query response 0x0000 PTR, cache flush Android-3.local PTR, cache flush Android-3.local A, cache flush 192.168.100.68 AAAA, cache flush fe80::a859:3fff:fef4:8a88 NSEC, cache flush 68.100.168.192.in-addr.arpa NSEC, cache flush 8.8.A.8.4.F.E.F.F.F.F.3.9.5.8.A.0.0.0.0.0.0.0.0.0.0.0.0.0.8.E.F.ip6.arpa NSEC, cache flush Android-3.local",292,0.262371000,,,""
49,"Mar 14, 2025 13:51:51.581452000 Pakistan Standard Time",,,,ARP,,,,,,,,,,,,Who has 192.168.100.54? Tell 192.168.100.1,60,0.202855000,,,""
50,"Mar 14, 2025 13:51:51.582528000 Pakistan Standard Time",,,,ARP,,,,,,,,,,,,Who has 192.168.100.11? Tell 192.168.100.1,60,0.001076000,,,""
51,"Mar 14, 2025 13:51:52.120928000 Pakistan Standard Time",,,,DNS,,,,,,,,,,,,Standard query 0x1361 PTR 34.61.98.52.in-addr.arpa OPT,115,0.538400000,,,""
52,"Mar 14, 2025 13:51:52.132622000 Pakistan Standard Time",,,,DNS,,,,,,,,,,,,Standard query response 0x1361 No such name PTR 34.61.98.52.in-addr.arpa SOA ns1-07.azure-dns.com OPT,222,0.011694000,,,""
53,"Mar 14, 2025 13:51:52.400826000 Pakistan Standard Time",,,,MDNS,1,,,,,,192.168.100.119,224.0.0.251,,,,"Standard query 0x0000 PTR _googlecast._tcp.local, ""QM"" question",82,0.268204000,,,""
54,"Mar 14, 2025 13:51:52.598075000 Pakistan Standard Time",,,,TCP,107,,,,,,52.178.17.2,192.168.100.149,443,51225,0x0014,"https(443) → 51225 [RST, ACK] Seq=1 Ack=1 Win=0 Len=0",60,0.197249000,,,""
55,"Mar 14, 2025 13:51:52.605929000 Pakistan Standard Time",,,,ARP,,,,,,,,,,,,Who has 192.168.100.54? Tell 192.168.100.1,60,0.007854000,,,""
56,"Mar 14, 2025 13:51:52.609797000 Pakistan Standard Time",,,,ARP,,,,,,,,,,,,Who has 192.168.100.11? Tell 192.168.100.1,60,0.003868000,,,""
57,"Mar 14, 2025 13:51:53.098928000 Pakistan Standard Time",,,,TCP,103,,,,,,13.68.233.9,192.168.100.149,443,51223,0x0014,"https(443) → 51223 [RST, ACK] Seq=2 Ack=1 Win=0 Len=0",60,0.489131000,,,""
58,"Mar 14, 2025 13:51:53.121045000 Pakistan Standard Time",,,,DNS,,,,,,,,,,,,Standard query 0xc1f3 PTR 119.100.168.192.in-addr.arpa OPT,119,0.022117000,,,""
59,"Mar 14, 2025 13:51:53.144088000 Pakistan Standard Time",,,,DNS,,,,,,,,,,,,Standard query response 0xc1f3 No such name PTR 119.100.168.192.in-addr.arpa SOA 168.192.IN-ADDR.ARPA OPT,174,0.023043000,,,""
60,"Mar 14, 2025 13:51:53.424819000 Pakistan Standard Time",,,,MDNS,1,,,,,,192.168.100.119,224.0.0.251,,,,"Standard query 0x0000 PTR _googlecast._tcp.local, ""QM"" question",82,0.280731000,,,""
61,"Mar 14, 2025 13:51:53.527943000 Pakistan Standard Time",,,,ARP,,,,,,,,,,,,Who has 192.168.100.54? Tell 192.168.100.1,60,0.103124000,,,""
62,"Mar 14, 2025 13:51:53.641805000 Pakistan Standard Time",,,,TCP,62,,,,,,13.107.9.158,192.168.100.149,443,51228,0x0010,https(443) → 51228 [ACK] Seq=1 Ack=1 Win=16383 Len=0,60,0.113862000,,,""
63,"Mar 14, 2025 13:51:53.641845000 Pakistan Standard Time",,,,TCP,128,,,,,,192.168.100.149,13.107.9.158,51228,443,0x0010,[TCP ACKed unseen segment] 51228 → https(443) [ACK] Seq=1 Ack=2 Win=1018 Len=0,54,0.000040000,,,""
64,"Mar 14, 2025 13:51:54.122838000 Pakistan Standard Time",,,,DNS,,,,,,,,,,,,Standard query 0xf9eb PTR 158.9.107.13.in-addr.arpa OPT,116,0.480993000,,,""
65,"Mar 14, 2025 13:51:54.144080000 Pakistan Standard Time",,,,DNS,,,,,,,,,,,,Standard query response 0xf9eb No such name PTR 158.9.107.13.in-addr.arpa SOA ns1-07.azure-dns.com OPT,224,0.021242000,,,""
66,"Mar 14, 2025 13:51:54.185239000 Pakistan Standard Time",,,,ARP,,,,,,,,,,,,Who has 192.168.100.1? Tell 192.168.100.149,42,0.041159000,,,""
67,"Mar 14, 2025 13:51:54.191685000 Pakistan Standard Time",,,,ARP,,,,,,,,,,,,192.168.100.1 is at 48:8e:ef:b4:10:01,60,0.006446000,,,""
68,"Mar 14, 2025 13:51:55.026421000 Pakistan Standard Time",,,,ICMPv6,,,,,,,,,,,,Multicast Listener Report Message v2,90,0.834736000,,,""
69,"Mar 14, 2025 13:51:55.063818000 Pakistan Standard Time",,,,SSDP,1,,,,,,192.168.100.123,239.255.255.250,,,,M-SEARCH * HTTP/1.1 ,167,0.037397000,,,""
70,"Mar 14, 2025 13:51:55.063818000 Pakistan Standard Time",,,,IGMPv2,1,,,,,,192.168.100.68,224.0.0.2,,,,Leave Group 224.0.0.251,46,0.000000000,,,""
71,"Mar 14, 2025 13:51:55.065917000 Pakistan Standard Time",,,,IGMPv2,1,,,,,,192.168.100.68,224.0.0.251,,,,Membership Report group 224.0.0.251,46,0.002099000,,,""
72,"Mar 14, 2025 13:51:55.268312000 Pakistan Standard Time",,,,MDNS,255,,,,,,192.168.100.123,224.0.0.251,,,,"Standard query 0x0001 PTR _2DB7CC49._sub._googlecast._tcp.local, ""QU"" question PTR _googlecast._tcp.local, ""QU"" question",103,0.202395000,,,""
73,"Mar 14, 2025 13:51:55.372186000 Pakistan Standard Time",,,,SSDP,1,,,,,,192.168.100.123,239.255.255.250,,,,M-SEARCH * HTTP/1.1 ,167,0.103874000,,,""
74,"Mar 14, 2025 13:51:55.472939000 Pakistan Standard Time",,,,MDNS,1,,,,,,192.168.100.119,224.0.0.251,,,,"Standard query 0x0000 PTR _googlecast._tcp.local, ""QM"" question",82,0.100753000,,,""
75,"Mar 14, 2025 13:51:55.665236000 Pakistan Standard Time",,,,ICMPv6,,,,,,,,,,,,Multicast Listener Report Message v2,90,0.192297000,,,""
76,"Mar 14, 2025 13:51:55.677989000 Pakistan Standard Time",,,,ICMPv6,,,,,,,,,,,,Neighbor Solicitation for fe80::1 from a0:47:d7:11:0e:1e,86,0.012753000,,,""
77,"Mar 14, 2025 13:51:55.678542000 Pakistan Standard Time",,,,SSDP,1,,,,,,192.168.100.123,239.255.255.250,,,,M-SEARCH * HTTP/1.1 ,167,0.000553000,,,""
78,"Mar 14, 2025 13:51:55.681298000 Pakistan Standard Time",,,,MDNS,255,,,,,,192.168.100.68,224.0.0.251,,,,"Standard query 0x0000 ANY Android-3.local, ""QU"" question ANY Android-3.local, ""QU"" question A 192.168.100.68 AAAA fe80::a859:3fff:fef4:8a88",125,0.002756000,,,""
79,"Mar 14, 2025 13:51:55.689309000 Pakistan Standard Time",,,,ICMPv6,,,,,,,,,,,,"Neighbor Advertisement fe80::1 (rtr, sol)",78,0.008011000,,,""
80,"Mar 14, 2025 13:51:55.774894000 Pakistan Standard Time",,,,NTP,128,,,,,,192.168.100.149,162.159.200.1,,,,"NTP Version 4, client",90,0.085585000,,,""
81,"Mar 14, 2025 13:51:55.780548000 Pakistan Standard Time",,,,NTP,58,,,,,,162.159.200.1,192.168.100.149,,,,"NTP Version 4, server",90,0.005654000,,,""
82,"Mar 14, 2025 13:51:55.882809000 Pakistan Standard Time",,,,MDNS,255,,,,,,192.168.100.68,224.0.0.251,,,,"Standard query 0x0000 ANY Android-3.local, ""QM"" question ANY Android-3.local, ""QM"" question A 192.168.100.68 AAAA fe80::a859:3fff:fef4:8a88",125,0.102261000,,,""
83,"Mar 14, 2025 13:51:56.087906000 Pakistan Standard Time",,,,MDNS,255,,,,,,192.168.100.68,224.0.0.251,,,,"Standard query 0x0000 ANY Android-3.local, ""QM"" question ANY Android-3.local, ""QM"" question A 192.168.100.68 AAAA fe80::a859:3fff:fef4:8a88",125,0.205097000,,,""
84,"Mar 14, 2025 13:51:56.124110000 Pakistan Standard Time",,,,DNS,,,,,,,,,,,,Standard query 0xd0b2 PTR 0.0.0.0.0.0.0.0.0.0.0.0.0.0.0.0.0.0.0.0.0.0.0.0.0.0.0.0.0.0.0.0.ip6.arpa OPT,163,0.036204000,,,""
85,"Mar 14, 2025 13:51:56.124604000 Pakistan Standard Time",,,,DNS,,,,,,,,,,,,Standard query 0x5c48 PTR 6.1.0.0.0.0.0.0.0.0.0.0.0.0.0.0.0.0.0.0.0.0.0.0.0.0.0.0.2.0.f.f.ip6.arpa OPT,163,0.000494000,,,""
86,"Mar 14, 2025 13:51:56.124974000 Pakistan Standard Time",,,,DNS,,,,,,,,,,,,Standard query 0x0d48 PTR 123.100.168.192.in-addr.arpa OPT,119,0.000370000,,,""
87,"Mar 14, 2025 13:51:56.125322000 Pakistan Standard Time",,,,DNS,,,,,,,,,,,,Standard query 0x99ab PTR 250.255.255.239.in-addr.arpa OPT,119,0.000348000,,,""
88,"Mar 14, 2025 13:51:56.125672000 Pakistan Standard Time",,,,DNS,,,,,,,,,,,,Standard query 0xffbd PTR 2.0.0.224.in-addr.arpa OPT,113,0.000350000,,,""
89,"Mar 14, 2025 13:51:56.126000000 Pakistan Standard Time",,,,DNS,,,,,,,,,,,,Standard query 0x6600 PTR 1.200.159.162.in-addr.arpa OPT,117,0.000328000,,,""
90,"Mar 14, 2025 13:51:56.144240000 Pakistan Standard Time",,,,DNS,,,,,,,,,,,,Standard query response 0xd0b2 PTR 0.0.0.0.0.0.0.0.0.0.0.0.0.0.0.0.0.0.0.0.0.0.0.0.0.0.0.0.0.0.0.0.ip6.arpa SOA 0.0.0.0.0.0.0.0.0.0.0.0.0.0.0.0.0.0.0.0.0.0.0.0.0.0.0.0.0.0.0.0.IP6.ARPA OPT,270,0.018240000,,,""
91,"Mar 14, 2025 13:51:56.144240000 Pakistan Standard Time",,,,DNS,,,,,,,,,,,,Standard query response 0x5c48 No such name PTR 6.1.0.0.0.0.0.0.0.0.0.0.0.0.0.0.0.0.0.0.0.0.0.0.0.0.0.0.2.0.f.f.ip6.arpa SOA b.ip6-servers.arpa OPT,239,0.000000000,,,""
92,"Mar 14, 2025 13:51:56.151964000 Pakistan Standard Time",,,,DNS,,,,,,,,,,,,Standard query response 0x0d48 No such name PTR 123.100.168.192.in-addr.arpa SOA 168.192.IN-ADDR.ARPA OPT,174,0.007724000,,,""
93,"Mar 14, 2025 13:51:56.158081000 Pakistan Standard Time",,,,DNS,,,,,,,,,,,,Standard query response 0x6600 PTR 1.200.159.162.in-addr.arpa PTR time.cloudflare.com OPT,150,0.006117000,,,""
94,"Mar 14, 2025 13:51:56.292198000 Pakistan Standard Time",,,,MDNS,255,,,,,,192.168.100.123,224.0.0.251,,,,"Standard query 0x0002 PTR _2DB7CC49._sub._googlecast._tcp.local, ""QM"" question PTR _googlecast._tcp.local, ""QM"" question",103,0.134117000,,,""
95,"Mar 14, 2025 13:51:56.396060000 Pakistan Standard Time",,,,MDNS,255,,,,,,192.168.100.68,224.0.0.251,,,,"Standard query response 0x0000 PTR, cache flush Android-3.local PTR, cache flush Android-3.local A, cache flush 192.168.100.68 AAAA, cache flush fe80::a859:3fff:fef4:8a88 NSEC, cache flush 68.100.168.192.in-addr.arpa NSEC, cache flush 8.8.A.8.4.F.E.F.F.F.F.3.9.5.8.A.0.0.0.0.0.0.0.0.0.0.0.0.0.8.E.F.ip6.arpa NSEC, cache flush Android-3.local",292,0.103862000,,,""
96,"Mar 14, 2025 13:51:56.702043000 Pakistan Standard Time",,,,MDNS,255,,,,,,192.168.100.40,224.0.0.251,,,,"Standard query 0x000d PTR _AAF8F49E._sub._googlecast._tcp.local, ""QM"" question PTR _googlecast._tcp.local, ""QM"" question",103,0.305983000,,,""
97,"Mar 14, 2025 13:51:56.727030000 Pakistan Standard Time",,,,TCP,,,,,,,,,51234,443,0x0011,"51234 → https(443) [FIN, ACK] Seq=1 Ack=1 Win=1024 Len=0",74,0.024987000,,,""
98,"Mar 14, 2025 13:51:56.731825000 Pakistan Standard Time",,,,TCP,,,,,,,,,443,51234,0x0011,"https(443) → 51234 [FIN, ACK] Seq=1 Ack=2 Win=9 Len=0",74,0.004795000,,,""
99,"Mar 14, 2025 13:51:56.731920000 Pakistan Standard Time",,,,TCP,,,,,,,,,51234,443,0x0010,51234 → https(443) [ACK] Seq=2 Ack=2 Win=1024 Len=0,74,0.000095000,,,""
100,"Mar 14, 2025 13:51:57.137591000 Pakistan Standard Time",,,,DNS,,,,,,,,,,,,Standard query 0x064d PTR 4.8.139.10.in-addr.arpa OPT,114,0.405671000,,,""
101,"Mar 14, 2025 13:51:57.137987000 Pakistan Standard Time",,,,DNS,,,,,,,,,,,,Standard query 0xa7ac PTR 40.100.168.192.in-addr.arpa OPT,118,0.000396000,,,""
102,"Mar 14, 2025 13:51:57.138359000 Pakistan Standard Time",,,,DNS,,,,,,,,,,,,Standard query 0x176a PTR 0.f.b.0.a.1.8.6.0.0.0.0.0.0.0.0.0.0.0.0.0.2.0.0.0.0.7.4.6.0.6.2.ip6.arpa OPT,163,0.000372000,,,""
103,"Mar 14, 2025 13:51:57.157703000 Pakistan Standard Time",,,,DNS,,,,,,,,,,,,Standard query response 0x064d No such name PTR 4.8.139.10.in-addr.arpa SOA 10.IN-ADDR.ARPA OPT,164,0.019344000,,,""
104,"Mar 14, 2025 13:51:57.157703000 Pakistan Standard Time",,,,DNS,,,,,,,,,,,,Standard query response 0xa7ac No such name PTR 40.100.168.192.in-addr.arpa SOA 168.192.IN-ADDR.ARPA OPT,173,0.000000000,,,""
105,"Mar 14, 2025 13:51:57.165885000 Pakistan Standard Time",,,,DNS,,,,,,,,,,,,Standard query response 0x176a No such name PTR 0.f.b.0.a.1.8.6.0.0.0.0.0.0.0.0.0.0.0.0.0.2.0.0.0.0.7.4.6.0.6.2.ip6.arpa SOA leah.ns.cloudflare.com OPT,263,0.008182000,,,""
106,"Mar 14, 2025 13:51:57.316454000 Pakistan Standard Time",,,,MDNS,255,,,,,,192.168.100.67,224.0.0.251,,,,"Standard query 0x0000 PTR _sleep-proxy._udp.local, ""QU"" question OPT",112,0.150569000,,,""
107,"Mar 14, 2025 13:51:57.420688000 Pakistan Standard Time",,,,MDNS,255,,,,,,192.168.100.68,224.0.0.251,,,,"Standard query response 0x0000 PTR, cache flush Android-3.local PTR, cache flush Android-3.local A, cache flush 192.168.100.68 AAAA, cache flush fe80::a859:3fff:fef4:8a88 NSEC, cache flush 68.100.168.192.in-addr.arpa NSEC, cache flush 8.8.A.8.4.F.E.F.F.F.F.3.9.5.8.A.0.0.0.0.0.0.0.0.0.0.0.0.0.8.E.F.ip6.arpa NSEC, cache flush Android-3.local",292,0.104234000,,,""
108,"Mar 14, 2025 13:51:57.725695000 Pakistan Standard Time",,,,IGMPv2,1,,,,,,192.168.100.67,224.0.0.2,,,,Leave Group 224.0.0.251,46,0.305007000,,,""
109,"Mar 14, 2025 13:51:57.726772000 Pakistan Standard Time",,,,IGMPv2,1,,,,,,192.168.100.67,224.0.0.251,,,,Membership Report group 224.0.0.251,46,0.001077000,,,""
110,"Mar 14, 2025 13:51:57.959791000 Pakistan Standard Time",,,,ICMPv6,,,,,,,,,,,,Multicast Listener Report Message v2,90,0.233019000,,,""
111,"Mar 14, 2025 13:51:58.136340000 Pakistan Standard Time",,,,DNS,,,,,,,,,,,,Standard query 0xb738 PTR 67.100.168.192.in-addr.arpa OPT,118,0.176549000,,,""
112,"Mar 14, 2025 13:51:58.136948000 Pakistan Standard Time",,,,DNS,,,,,,,,,,,,Standard query 0x356d PTR 2.c.f.c.7.9.4.6.0.4.f.a.d.c.0.1.0.0.0.0.0.0.0.0.0.0.0.0.0.8.e.f.ip6.arpa OPT,163,0.000608000,,,""
113,"Mar 14, 2025 13:51:58.137612000 Pakistan Standard Time",,,,DNS,128,,,,,,192.168.100.149,192.168.100.1,,,,Standard query 0xffbd PTR 2.0.0.224.in-addr.arpa OPT,93,0.000664000,,,""
114,"Mar 14, 2025 13:51:58.137733000 Pakistan Standard Time",,,,DNS,128,,,,,,192.168.100.149,192.168.100.1,,,,Standard query 0x99ab PTR 250.255.255.239.in-addr.arpa OPT,99,0.000121000,,,""
115,"Mar 14, 2025 13:51:58.146645000 Pakistan Standard Time",,,,TLSv1.2,,,,,,,,,443,51231,0x0018,Application Data,98,0.008912000,,,""
116,"Mar 14, 2025 13:51:58.146645000 Pakistan Standard Time",,,,TCP,,,,,,,,,443,51231,0x0011,"https(443) → 51231 [FIN, ACK] Seq=25 Ack=1 Win=502 Len=0",74,0.000000000,,,""
117,"Mar 14, 2025 13:51:58.146823000 Pakistan Standard Time",,,,TCP,,,,,,,,,51231,443,0x0010,51231 → https(443) [ACK] Seq=1 Ack=26 Win=1018 Len=0,74,0.000178000,,,""
118,"Mar 14, 2025 13:51:58.163689000 Pakistan Standard Time",,,,DNS,64,,,,,,192.168.100.1,192.168.100.149,,,,Standard query response 0xffbd PTR 2.0.0.224.in-addr.arpa PTR all-routers.mcast.net OPT,128,0.016866000,,,""
119,"Mar 14, 2025 13:51:58.163689000 Pakistan Standard Time",,,,DNS,64,,,,,,192.168.100.1,192.168.100.149,,,,Standard query response 0x99ab No such name PTR 250.255.255.239.in-addr.arpa SOA sns.dns.icann.org OPT,172,0.000000000,,,""
120,"Mar 14, 2025 13:51:58.164861000 Pakistan Standard Time",,,,DNS,,,,,,,,,,,,Standard query response 0xb738 No such name PTR 67.100.168.192.in-addr.arpa SOA 168.192.IN-ADDR.ARPA OPT,173,0.001172000,,,""
121,"Mar 14, 2025 13:51:58.172087000 Pakistan Standard Time",,,,DNS,,,,,,,,,,,,Standard query response 0x356d No such name PTR 2.c.f.c.7.9.4.6.0.4.f.a.d.c.0.1.0.0.0.0.0.0.0.0.0.0.0.0.0.8.e.f.ip6.arpa SOA 8.E.F.IP6.ARPA OPT,212,0.007226000,,,""
122,"Mar 14, 2025 13:51:58.201008000 Pakistan Standard Time",,,,TCP,114,,,,,,13.107.9.158,192.168.100.149,443,51228,0x0014,"https(443) → 51228 [RST, ACK] Seq=2 Ack=1 Win=0 Len=0",60,0.028921000,,,""
123,"Mar 14, 2025 13:51:59.090225000 Pakistan Standard Time",,,,TLSv1.2,,,,,,,,,443,51226,0x0018,Application Data,98,0.889217000,,,""
124,"Mar 14, 2025 13:51:59.090225000 Pakistan Standard Time",,,,TCP,,,,,,,,,443,51226,0x0011,"https(443) → 51226 [FIN, ACK] Seq=25 Ack=1 Win=1267 Len=0",74,0.000000000,,,""
125,"Mar 14, 2025 13:51:59.090369000 Pakistan Standard Time",,,,TCP,,,,,,,,,51226,443,0x0010,51226 → https(443) [ACK] Seq=1 Ack=26 Win=1022 Len=0,74,0.000144000,,,""
126,"Mar 14, 2025 13:51:59.135099000 Pakistan Standard Time",,,,DNS,128,,,,,,192.168.100.149,192.168.100.1,,,,Standard query 0x72b3 PTR 9.5.5.f.4.7.8.6.0.0.0.0.0.0.0.0.0.0.0.0.a.7.0.0.7.1.4.1.0.0.6.2.ip6.arpa OPT,143,0.044730000,,,""
127,"Mar 14, 2025 13:51:59.338838000 Pakistan Standard Time",,,,DNS,64,,,,,,192.168.100.1,192.168.100.149,,,,Standard query response 0x72b3 PTR 9.5.5.f.4.7.8.6.0.0.0.0.0.0.0.0.0.0.0.0.a.7.0.0.7.1.4.1.0.0.6.2.ip6.arpa PTR g2600-1417-007a-0000-0000-0000-6874-f559.deploy.static.akamaitechnologies.com OPT,234,0.203739000,,,""
128,"Mar 14, 2025 13:51:59.365822000 Pakistan Standard Time",,,,MDNS,255,,,,,,192.168.100.68,224.0.0.251,,,,"Standard query response 0x0000 PTR, cache flush Android-3.local PTR, cache flush Android-3.local A, cache flush 192.168.100.68 AAAA, cache flush fe80::a859:3fff:fef4:8a88 NSEC, cache flush 68.100.168.192.in-addr.arpa NSEC, cache flush 8.8.A.8.4.F.E.F.F.F.F.3.9.5.8.A.0.0.0.0.0.0.0.0.0.0.0.0.0.8.E.F.ip6.arpa NSEC, cache flush Android-3.local",292,0.026984000,,,""
129,"Mar 14, 2025 13:51:59.978721000 Pakistan Standard Time",,,,ICMPv6,,,,,,,,,,,,Multicast Listener Report Message v2,90,0.612899000,,,""
130,"Mar 14, 2025 13:52:00.081198000 Pakistan Standard Time",,,,MDNS,255,,,,,,192.168.100.67,224.0.0.251,,,,"Standard query 0x0000 PTR _companion-link._tcp.local, ""QU"" question OPT",115,0.102477000,,,""
131,"Mar 14, 2025 13:52:00.135853000 Pakistan Standard Time",,,,DNS,,,,,,,,,,,,Standard query 0x241d PTR b.5.5.f.4.7.8.6.0.0.0.0.0.0.0.0.0.0.0.0.a.7.0.0.7.1.4.1.0.0.6.2.ip6.arpa OPT,163,0.054655000,,,""
132,"Mar 14, 2025 13:52:00.158336000 Pakistan Standard Time",,,,DNS,,,,,,,,,,,,Standard query response 0x241d PTR b.5.5.f.4.7.8.6.0.0.0.0.0.0.0.0.0.0.0.0.a.7.0.0.7.1.4.1.0.0.6.2.ip6.arpa PTR g2600-1417-007a-0000-0000-0000-6874-f55b.deploy.static.akamaitechnologies.com OPT,254,0.022483000,,,""
133,"Mar 14, 2025 13:52:02.469819000 Pakistan Standard Time",,,,TCP,62,,,,,,204.79.197.222,192.168.100.149,443,51230,0x0010,https(443) → 51230 [ACK] Seq=1 Ack=1 Win=16384 Len=0,60,2.311483000,,,""
134,"Mar 14, 2025 13:52:02.469868000 Pakistan Standard Time",,,,TCP,128,,,,,,192.168.100.149,204.79.197.222,51230,443,0x0010,[TCP ACKed unseen segment] 51230 → https(443) [ACK] Seq=1 Ack=2 Win=1023 Len=0,54,0.000049000,,,""
135,"Mar 14, 2025 13:52:02.965256000 Pakistan Standard Time",,,,TCP,114,,,,,,204.79.197.222,192.168.100.149,443,51230,0x0014,"https(443) → 51230 [RST, ACK] Seq=2 Ack=1 Win=0 Len=0",60,0.495388000,,,""
136,"Mar 14, 2025 13:52:03.139849000 Pakistan Standard Time",,,,DNS,,,,,,,,,,,,Standard query 0xfbc0 PTR 222.197.79.204.in-addr.arpa OPT,118,0.174593000,,,""
137,"Mar 14, 2025 13:52:03.149068000 Pakistan Standard Time",,,,DNS,,,,,,,,,,,,Standard query response 0xfbc0 No such name PTR 222.197.79.204.in-addr.arpa SOA ns1.msedge.net OPT,188,0.009219000,,,""
138,"Mar 14, 2025 13:52:03.362392000 Pakistan Standard Time",,,,MDNS,255,,,,,,192.168.100.68,224.0.0.251,,,,"Standard query response 0x0000 PTR, cache flush Android-3.local PTR, cache flush Android-3.local A, cache flush 192.168.100.68 AAAA, cache flush fe80::a859:3fff:fef4:8a88 NSEC, cache flush 68.100.168.192.in-addr.arpa NSEC, cache flush 8.8.A.8.4.F.E.F.F.F.F.3.9.5.8.A.0.0.0.0.0.0.0.0.0.0.0.0.0.8.E.F.ip6.arpa NSEC, cache flush Android-3.local",292,0.213324000,,,""
139,"Mar 14, 2025 13:52:04.282706000 Pakistan Standard Time",,,,MDNS,255,,,,,,192.168.100.123,224.0.0.251,,,,"Standard query response 0x0000 PTR, cache flush Android-2.local PTR, cache flush Android-2.local PTR, cache flush Android-2.local PTR, cache flush Android-2.local A, cache flush 192.168.100.123 AAAA, cache flush 2407:d000:d:1f33:76c1:7dff:feba:22a2 AAAA, cache flush fe80::76c1:7dff:feba:22a2 AAAA, cache flush 2407:d000:d:1f33:b131:2c79:3d2d:62cb NSEC, cache flush 123.100.168.192.in-addr.arpa NSEC, cache flush 2.A.2.2.A.B.E.F.F.F.D.7.1.C.6.7.3.3.F.1.D.0.0.0.0.0.0.D.7.0.4.2.ip6.arpa NSEC, cache flush 2.A.2.2.A.B.E.F.F.F.D.7.1.C.6.7.0.0.0.0.0.0.0.0.0.0.0.0.0.8.E.F.ip6.arpa NSEC, cache flush B.C.2.6.D.2.D.3.9.7.C.2.1.3.1.B.3.3.F.1.D.0.0.0.0.0.0.D.7.0.4.2.ip6.arpa NSEC, cache flush Android-2.local",509,0.920314000,,,""
140,"Mar 14, 2025 13:52:04.996790000 Pakistan Standard Time",,,,SSDP,1,,,,,,192.168.100.123,239.255.255.250,,,,M-SEARCH * HTTP/1.1 ,167,0.714084000,,,""
141,"Mar 14, 2025 13:52:05.406418000 Pakistan Standard Time",,,,SSDP,1,,,,,,192.168.100.123,239.255.255.250,,,,M-SEARCH * HTTP/1.1 ,167,0.409628000,,,""
142,"Mar 14, 2025 13:52:05.713418000 Pakistan Standard Time",,,,SSDP,1,,,,,,192.168.100.123,239.255.255.250,,,,M-SEARCH * HTTP/1.1 ,167,0.307000000,,,""
143,"Mar 14, 2025 13:52:06.109913000 Pakistan Standard Time",,,,TCP,108,,,,,,20.115.155.233,192.168.100.149,443,51233,0x0014,"https(443) → 51233 [RST, ACK] Seq=1 Ack=1 Win=0 Len=0",60,0.396495000,,,""
144,"Mar 14, 2025 13:52:07.145713000 Pakistan Standard Time",,,,DNS,,,,,,,,,,,,Standard query 0xb31c PTR 233.155.115.20.in-addr.arpa OPT,118,1.035800000,,,""
145,"Mar 14, 2025 13:52:07.241532000 Pakistan Standard Time",,,,DNS,,,,,,,,,,,,Standard query response 0xb31c No such name PTR 233.155.115.20.in-addr.arpa SOA ns1-03.azure-dns.com OPT,207,0.095819000,,,""
146,"Mar 14, 2025 13:52:09.195164000 Pakistan Standard Time",,,,MDNS,255,,,,,,192.168.100.144,224.0.0.251,,,,"Standard query response 0x0000 PTR {""nm"":""Redmi Note 9S"",""as"":""[8194]"",""ip"":""144""}._mi-connect._udp.local",138,1.953632000,,,""
147,"Mar 14, 2025 13:52:09.911298000 Pakistan Standard Time",,,,MDNS,1,,,,,,192.168.100.119,224.0.0.251,,,,"Standard query 0x0000 PTR _dosvc._tcp.local, ""QU"" question",77,0.716134000,,,""
148,"Mar 14, 2025 13:52:09.911603000 Pakistan Standard Time",,,,MDNS,128,,,,,,192.168.100.149,192.168.100.119,,,,Standard query response 0x0000 PTR Octopus._dosvc._tcp.local SRV 0 0 7680 Octopus.local TXT A 192.168.100.149 AAAA 2407:d000:d:1f33:fcb1:b57a:3512:db9b AAAA 2407:d000:d:1f33:e000:f2ac:db53:d12b AAAA fe80::f791:8077:3c4a:515e,321,0.000305000,,,""
149,"Mar 14, 2025 13:52:10.155902000 Pakistan Standard Time",,,,DNS,,,,,,,,,,,,Standard query 0xd8d4 PTR 144.100.168.192.in-addr.arpa OPT,119,0.244299000,,,""
150,"Mar 14, 2025 13:52:10.169852000 Pakistan Standard Time",,,,DNS,,,,,,,,,,,,Standard query response 0xd8d4 No such name PTR 144.100.168.192.in-addr.arpa SOA 168.192.IN-ADDR.ARPA OPT,174,0.013950000,,,""
151,"Mar 14, 2025 13:52:10.832769000 Pakistan Standard Time",,,,MDNS,1,,,,,,192.168.100.119,224.0.0.251,,,,"Standard query 0x0000 PTR _dosvc._tcp.local, ""QM"" question",77,0.662917000,,,""
152,"Mar 14, 2025 13:52:10.833751000 Pakistan Standard Time",,,,IGMPv2,1,,,,,,10.10.10.3,224.0.0.1,,,,"Membership Query, general",60,0.000982000,,,""
153,"Mar 14, 2025 13:52:10.843717000 Pakistan Standard Time",,,,MDNS,1,,,,,,192.168.100.149,224.0.0.251,,,,Standard query response 0x0000 PTR Octopus._dosvc._tcp.local SRV 0 0 7680 Octopus.local TXT A 192.168.100.149 AAAA 2407:d000:d:1f33:fcb1:b57a:3512:db9b AAAA 2407:d000:d:1f33:e000:f2ac:db53:d12b AAAA fe80::f791:8077:3c4a:515e,321,0.009966000,,,""
154,"Mar 14, 2025 13:52:10.937435000 Pakistan Standard Time",,,,MDNS,1,,,,,,192.168.100.27,224.0.0.251,,,,Standard query response 0x0000 PTR Octopus._dosvc._tcp.local SRV 0 0 7680 Octopus.local TXT A 192.168.100.27 AAAA 2407:d000:d:1f33:179c:3c3a:ae61:fec6 AAAA 2407:d000:d:1f33:a149:e633:e9aa:a0f1 AAAA fe80::db90:68f:c712:1fad,321,0.093718000,,,""
155,"Mar 14, 2025 13:52:11.042406000 Pakistan Standard Time",,,,SSDP,4,,,,,,192.168.100.1,239.255.255.250,,,,M-SEARCH * HTTP/1.1 ,174,0.104971000,,,""
156,"Mar 14, 2025 13:52:11.043387000 Pakistan Standard Time",,,,ARP,,,,,,,,,,,,Who has 192.168.100.1? Tell 192.168.100.65,42,0.000981000,,,""
157,"Mar 14, 2025 13:52:11.242954000 Pakistan Standard Time",,,,MDNS,255,,,,,,192.168.100.144,224.0.0.251,,,,"Standard query response 0x0000 PTR {""nm"":""Redmi Note 9S"",""as"":""[8194]"",""ip"":""144""}._mi-connect._udp.local",138,0.199567000,,,""
158,"Mar 14, 2025 13:52:11.244915000 Pakistan Standard Time",,,,SSDP,4,,,,,,192.168.100.1,239.255.255.250,,,,M-SEARCH * HTTP/1.1 ,174,0.001961000,,,""
159,"Mar 14, 2025 13:52:11.246675000 Pakistan Standard Time",,,,IGMPv2,1,,,,,,192.168.100.27,224.0.0.251,,,,Membership Report group 224.0.0.251,46,0.001760000,,,""
160,"Mar 14, 2025 13:52:11.346791000 Pakistan Standard Time",,,,MDNS,255,,,,,,192.168.100.68,224.0.0.251,,,,"Standard query response 0x0000 PTR, cache flush Android-3.local PTR, cache flush Android-3.local A, cache flush 192.168.100.68 AAAA, cache flush fe80::a859:3fff:fef4:8a88 NSEC, cache flush 68.100.168.192.in-addr.arpa NSEC, cache flush 8.8.A.8.4.F.E.F.F.F.F.3.9.5.8.A.0.0.0.0.0.0.0.0.0.0.0.0.0.8.E.F.ip6.arpa NSEC, cache flush Android-3.local",292,0.100116000,,,""
161,"Mar 14, 2025 13:52:11.685120000 Pakistan Standard Time",,,,IGMPv2,1,,,,,,192.168.100.149,224.0.0.252,,,,Membership Report group 224.0.0.252,46,0.338329000,,,""
162,"Mar 14, 2025 13:52:12.148136000 Pakistan Standard Time",,,,DNS,,,,,,,,,,,,Standard query 0xb2e4 PTR 3.10.10.10.in-addr.arpa OPT,114,0.463016000,,,""
163,"Mar 14, 2025 13:52:12.148551000 Pakistan Standard Time",,,,DNS,,,,,,,,,,,,Standard query 0x57fb PTR 1.0.0.224.in-addr.arpa OPT,113,0.000415000,,,""
164,"Mar 14, 2025 13:52:12.148874000 Pakistan Standard Time",,,,DNS,,,,,,,,,,,,Standard query 0x1d89 PTR 27.100.168.192.in-addr.arpa OPT,118,0.000323000,,,""
165,"Mar 14, 2025 13:52:12.149205000 Pakistan Standard Time",,,,DNS,,,,,,,,,,,,Standard query 0xfc4a PTR 65.100.168.192.in-addr.arpa OPT,118,0.000331000,,,""
166,"Mar 14, 2025 13:52:12.149523000 Pakistan Standard Time",,,,DNS,,,,,,,,,,,,Standard query 0x992f PTR 252.0.0.224.in-addr.arpa OPT,115,0.000318000,,,""
167,"Mar 14, 2025 13:52:12.179396000 Pakistan Standard Time",,,,DNS,,,,,,,,,,,,Standard query response 0xb2e4 No such name PTR 3.10.10.10.in-addr.arpa SOA 10.IN-ADDR.ARPA OPT,164,0.029873000,,,""
168,"Mar 14, 2025 13:52:12.180314000 Pakistan Standard Time",,,,DNS,,,,,,,,,,,,Standard query response 0x57fb PTR 1.0.0.224.in-addr.arpa PTR all-systems.mcast.net OPT,148,0.000918000,,,""
169,"Mar 14, 2025 13:52:12.180314000 Pakistan Standard Time",,,,DNS,,,,,,,,,,,,Standard query response 0x1d89 No such name PTR 27.100.168.192.in-addr.arpa SOA 168.192.IN-ADDR.ARPA OPT,173,0.000000000,,,""
170,"Mar 14, 2025 13:52:12.181640000 Pakistan Standard Time",,,,DNS,,,,,,,,,,,,Standard query response 0xfc4a No such name PTR 65.100.168.192.in-addr.arpa SOA 168.192.IN-ADDR.ARPA OPT,173,0.001326000,,,""
171,"Mar 14, 2025 13:52:12.183795000 Pakistan Standard Time",,,,DNS,,,,,,,,,,,,Standard query response 0x992f No such name PTR 252.0.0.224.in-addr.arpa SOA sns.dns.icann.org OPT,188,0.002155000,,,""
172,"Mar 14, 2025 13:52:12.574417000 Pakistan Standard Time",,,,SSDP,4,,,,,,192.168.100.1,239.255.255.250,,,,M-SEARCH * HTTP/1.1 ,175,0.390622000,,,""
173,"Mar 14, 2025 13:52:12.779176000 Pakistan Standard Time",,,,SSDP,4,,,,,,192.168.100.1,239.255.255.250,,,,M-SEARCH * HTTP/1.1 ,175,0.204759000,,,""
174,"Mar 14, 2025 13:52:13.189785000 Pakistan Standard Time",,,,MDNS,255,,,,,,192.168.100.144,224.0.0.251,,,,"Standard query response 0x0000 PTR {""nm"":""Redmi Note 9S"",""as"":""[8194]"",""ip"":""144""}._mi-connect._udp.local",138,0.410609000,,,""
175,"Mar 14, 2025 13:52:14.364468000 Pakistan Standard Time",,,,TCP,,,,,,,,,51222,5228,0x0010,,75,1.174683000,,,""
176,"Mar 14, 2025 13:52:14.517980000 Pakistan Standard Time",,,,TCP,,,,,,,,,5228,51222,0x0010,hpvroom(5228) → 51222 [ACK] Seq=1 Ack=2 Win=1045 Len=0 SLE=1 SRE=2,86,0.153512000,,,""
177,"Mar 14, 2025 13:52:15.014187000 Pakistan Standard Time",,,,ICMPv6,,,,,,,,,,,,Multicast Listener Report Message v2,90,0.496207000,,,""
178,"Mar 14, 2025 13:52:15.031020000 Pakistan Standard Time",,,,IGMPv2,1,,,,,,192.168.100.68,224.0.0.251,,,,Membership Report group 224.0.0.251,46,0.016833000,,,""
179,"Mar 14, 2025 13:52:15.134404000 Pakistan Standard Time",,,,SSDP,1,,,,,,192.168.100.123,239.255.255.250,,,,M-SEARCH * HTTP/1.1 ,167,0.103384000,,,""
180,"Mar 14, 2025 13:52:15.135506000 Pakistan Standard Time",,,,ARP,,,,,,,,,,,,Who has 192.168.100.54? Tell 192.168.100.1,60,0.001102000,,,""
181,"Mar 14, 2025 13:52:15.147038000 Pakistan Standard Time",,,,DNS,,,,,,,,,,,,Standard query 0xce09 PTR c.b.0.0.0.0.0.0.0.0.0.0.0.0.0.0.f.1.c.0.c.0.0.4.0.5.4.1.0.0.a.2.ip6.arpa OPT,163,0.011532000,,,""
182,"Mar 14, 2025 13:52:15.159942000 Pakistan Standard Time",,,,DNS,,,,,,,,,,,,Standard query response 0xce09 PTR c.b.0.0.0.0.0.0.0.0.0.0.0.0.0.0.f.1.c.0.c.0.0.4.0.5.4.1.0.0.a.2.ip6.arpa PTR wi-in-f188.1e100.net OPT,197,0.012904000,,,""
183,"Mar 14, 2025 13:52:15.339944000 Pakistan Standard Time",,,,SSDP,1,,,,,,192.168.100.123,239.255.255.250,,,,M-SEARCH * HTTP/1.1 ,167,0.180002000,,,""
184,"Mar 14, 2025 13:52:15.647652000 Pakistan Standard Time",,,,MDNS,255,,,,,,192.168.100.68,224.0.0.251,,,,"Standard query 0x0000 ANY Android-3.local, ""QU"" question ANY Android-3.local, ""QU"" question A 192.168.100.68 AAAA fe80::a859:3fff:fef4:8a88",125,0.307708000,,,""
185,"Mar 14, 2025 13:52:15.649524000 Pakistan Standard Time",,,,SSDP,1,,,,,,192.168.100.123,239.255.255.250,,,,M-SEARCH * HTTP/1.1 ,167,0.001872000,,,""
186,"Mar 14, 2025 13:52:15.699404000 Pakistan Standard Time",,,,ICMPv6,,,,,,,,,,,,Multicast Listener Report Message v2,90,0.049880000,,,""
187,"Mar 14, 2025 13:52:15.747893000 Pakistan Standard Time",,,,IGMPv2,1,,,,,,192.168.100.68,224.0.0.251,,,,Membership Report group 224.0.0.251,46,0.048489000,,,""
188,"Mar 14, 2025 13:52:15.850783000 Pakistan Standard Time",,,,MDNS,255,,,,,,192.168.100.68,224.0.0.251,,,,"Standard query 0x0000 ANY Android-3.local, ""QM"" question ANY Android-3.local, ""QM"" question A 192.168.100.68 AAAA fe80::a859:3fff:fef4:8a88",125,0.102890000,,,""
189,"Mar 14, 2025 13:52:16.157521000 Pakistan Standard Time",,,,ARP,,,,,,,,,,,,Who has 192.168.100.54? Tell 192.168.100.1,60,0.306738000,,,""
190,"Mar 14, 2025 13:52:16.159243000 Pakistan Standard Time",,,,MDNS,255,,,,,,192.168.100.68,224.0.0.251,,,,"Standard query 0x0000 ANY Android-3.local, ""QM"" question ANY Android-3.local, ""QM"" question A 192.168.100.68 AAAA fe80::a859:3fff:fef4:8a88",125,0.001722000,,,""
191,"Mar 14, 2025 13:52:16.364411000 Pakistan Standard Time",,,,MDNS,255,,,,,,192.168.100.68,224.0.0.251,,,,"Standard query response 0x0000 PTR, cache flush Android-3.local PTR, cache flush Android-3.local A, cache flush 192.168.100.68 AAAA, cache flush fe80::a859:3fff:fef4:8a88 NSEC, cache flush 68.100.168.192.in-addr.arpa NSEC, cache flush 8.8.A.8.4.F.E.F.F.F.F.3.9.5.8.A.0.0.0.0.0.0.0.0.0.0.0.0.0.8.E.F.ip6.arpa NSEC, cache flush Android-3.local",292,0.205168000,,,""
192,"Mar 14, 2025 13:52:16.690473000 Pakistan Standard Time",,,,IGMPv2,1,,,,,,192.168.100.149,239.255.255.250,,,,Membership Report group 239.255.255.250,46,0.326062000,,,""
193,"Mar 14, 2025 13:52:16.772274000 Pakistan Standard Time",,,,MDNS,255,,,,,,192.168.100.40,224.0.0.251,,,,"Standard query 0x000e PTR _AAF8F49E._sub._googlecast._tcp.local, ""QM"" question PTR _googlecast._tcp.local, ""QM"" question",103,0.081801000,,,""
194,"Mar 14, 2025 13:52:17.079142000 Pakistan Standard Time",,,,ARP,,,,,,,,,,,,Who has 192.168.100.54? Tell 192.168.100.1,60,0.306868000,,,""
195,"Mar 14, 2025 13:52:17.285778000 Pakistan Standard Time",,,,MDNS,255,,,,,,192.168.100.123,224.0.0.251,,,,"Standard query 0x0004 PTR _2DB7CC49._sub._googlecast._tcp.local, ""QM"" question PTR _googlecast._tcp.local, ""QM"" question",103,0.206636000,,,""
196,"Mar 14, 2025 13:52:17.289523000 Pakistan Standard Time",,,,MDNS,255,,,,,,192.168.100.68,224.0.0.251,,,,"Standard query response 0x0000 PTR, cache flush Android-3.local PTR, cache flush Android-3.local A, cache flush 192.168.100.68 AAAA, cache flush fe80::a859:3fff:fef4:8a88 NSEC, cache flush 68.100.168.192.in-addr.arpa NSEC, cache flush 8.8.A.8.4.F.E.F.F.F.F.3.9.5.8.A.0.0.0.0.0.0.0.0.0.0.0.0.0.8.E.F.ip6.arpa NSEC, cache flush Android-3.local",292,0.003745000,,,""
197,"Mar 14, 2025 13:52:18.001894000 Pakistan Standard Time",,,,IGMPv2,1,,,,,,192.168.100.68,224.0.0.251,,,,Membership Report group 224.0.0.251,46,0.712371000,,,""
198,"Mar 14, 2025 13:52:19.334275000 Pakistan Standard Time",,,,MDNS,255,,,,,,192.168.100.68,224.0.0.251,,,,"Standard query response 0x0000 PTR, cache flush Android-3.local PTR, cache flush Android-3.local A, cache flush 192.168.100.68 AAAA, cache flush fe80::a859:3fff:fef4:8a88 NSEC, cache flush 68.100.168.192.in-addr.arpa NSEC, cache flush 8.8.A.8.4.F.E.F.F.F.F.3.9.5.8.A.0.0.0.0.0.0.0.0.0.0.0.0.0.8.E.F.ip6.arpa NSEC, cache flush Android-3.local",292,1.332381000,,,""
199,"Mar 14, 2025 13:52:21.072760000 Pakistan Standard Time",,,,ARP,,,,,,,,,,,,Who has 192.168.100.11? Tell 192.168.100.1,60,1.738485000,,,""
200,"Mar 14, 2025 13:52:21.994509000 Pakistan Standard Time",,,,ARP,,,,,,,,,,,,Who has 192.168.100.11? Tell 192.168.100.1,60,0.921749000,,,""
201,"Mar 14, 2025 13:52:22.069759000 Pakistan Standard Time",,,,TCP,62,,,,,,52.98.61.34,192.168.100.149,443,51229,0x0010,[TCP Dup ACK 44#1] https(443) → 51229 [ACK] Seq=1 Ack=1 Win=16386 Len=0,60,0.075250000,,,""
202,"Mar 14, 2025 13:52:22.069815000 Pakistan Standard Time",,,,TCP,128,,,,,,192.168.100.149,52.98.61.34,51229,443,0x0010,[TCP Dup ACK 45#1] 51229 → https(443) [ACK] Seq=1 Ack=2 Win=1024 Len=0,54,0.000056000,,,""
203,"Mar 14, 2025 13:52:23.018378000 Pakistan Standard Time",,,,ARP,,,,,,,,,,,,Who has 192.168.100.11? Tell 192.168.100.1,60,0.948563000,,,""
204,"Mar 14, 2025 13:52:23.327790000 Pakistan Standard Time",,,,MDNS,255,,,,,,192.168.100.68,224.0.0.251,,,,"Standard query response 0x0000 PTR, cache flush Android-3.local PTR, cache flush Android-3.local A, cache flush 192.168.100.68 AAAA, cache flush fe80::a859:3fff:fef4:8a88 NSEC, cache flush 68.100.168.192.in-addr.arpa NSEC, cache flush 8.8.A.8.4.F.E.F.F.F.F.3.9.5.8.A.0.0.0.0.0.0.0.0.0.0.0.0.0.8.E.F.ip6.arpa NSEC, cache flush Android-3.local",292,0.309412000,,,""
205,"Mar 14, 2025 13:52:25.068002000 Pakistan Standard Time",,,,SSDP,1,,,,,,192.168.100.123,239.255.255.250,,,,M-SEARCH * HTTP/1.1 ,167,1.740212000,,,""
206,"Mar 14, 2025 13:52:25.172657000 Pakistan Standard Time",,,,ARP,,,,,,,,,,,,Who has 192.168.100.11? Tell 192.168.100.1,60,0.104655000,,,""
207,"Mar 14, 2025 13:52:25.375756000 Pakistan Standard Time",,,,SSDP,1,,,,,,192.168.100.123,239.255.255.250,,,,M-SEARCH * HTTP/1.1 ,167,0.203099000,,,""
208,"Mar 14, 2025 13:52:25.681636000 Pakistan Standard Time",,,,SSDP,1,,,,,,192.168.100.123,239.255.255.250,,,,M-SEARCH * HTTP/1.1 ,167,0.305880000,,,""
209,"Mar 14, 2025 13:52:26.091369000 Pakistan Standard Time",,,,ARP,,,,,,,,,,,,Who has 192.168.100.11? Tell 192.168.100.1,60,0.409733000,,,""
210,"Mar 14, 2025 13:52:27.121370000 Pakistan Standard Time",,,,ARP,,,,,,,,,,,,Who has 192.168.100.11? Tell 192.168.100.1,60,1.030001000,,,""
211,"Mar 14, 2025 13:52:28.446401000 Pakistan Standard Time",,,,MDNS,255,,,,,,192.168.100.67,224.0.0.251,,,,"Standard query 0x0000 PTR _sleep-proxy._udp.local, ""QU"" question OPT",112,1.325031000,,,""
212,"Mar 14, 2025 13:52:28.654386000 Pakistan Standard Time",,,,IGMPv2,1,,,,,,192.168.100.67,224.0.0.2,,,,Leave Group 224.0.0.251,46,0.207985000,,,""
213,"Mar 14, 2025 13:52:29.164370000 Pakistan Standard Time",,,,ARP,,,,,,,,,,,,Who has 192.168.100.11? Tell 192.168.100.1,60,0.509984000,,,""
214,"Mar 14, 2025 13:52:29.268619000 Pakistan Standard Time",,,,MDNS,255,,,,,,192.168.100.67,224.0.0.251,,,,"Standard query 0x0000 PTR _sleep-proxy._udp.local, ""QM"" question OPT",112,0.104249000,,,""
215,"Mar 14, 2025 13:52:30.087109000 Pakistan Standard Time",,,,ARP,,,,,,,,,,,,Who has 192.168.100.11? Tell 192.168.100.1,60,0.818490000,,,""
216,"Mar 14, 2025 13:52:31.107864000 Pakistan Standard Time",,,,ARP,,,,,,,,,,,,Who has 192.168.100.11? Tell 192.168.100.1,60,1.020755000,,,""
217,"Mar 14, 2025 13:52:31.210887000 Pakistan Standard Time",,,,MDNS,255,,,,,,192.168.100.67,224.0.0.251,,,,"Standard query 0x0000 PTR _companion-link._tcp.local, ""QU"" question OPT",115,0.103023000,,,""
218,"Mar 14, 2025 13:52:31.319127000 Pakistan Standard Time",,,,MDNS,255,,,,,,192.168.100.68,224.0.0.251,,,,"Standard query response 0x0000 PTR, cache flush Android-3.local PTR, cache flush Android-3.local A, cache flush 192.168.100.68 AAAA, cache flush fe80::a859:3fff:fef4:8a88 NSEC, cache flush 68.100.168.192.in-addr.arpa NSEC, cache flush 8.8.A.8.4.F.E.F.F.F.F.3.9.5.8.A.0.0.0.0.0.0.0.0.0.0.0.0.0.8.E.F.ip6.arpa NSEC, cache flush Android-3.local",292,0.108240000,,,""
219,"Mar 14, 2025 13:52:33.159239000 Pakistan Standard Time",,,,ARP,,,,,,,,,,,,Who has 192.168.100.11? Tell 192.168.100.1,60,1.840112000,,,""
220,"Mar 14, 2025 13:52:34.077483000 Pakistan Standard Time",,,,ARP,,,,,,,,,,,,Who has 192.168.100.11? Tell 192.168.100.1,60,0.918244000,,,""
221,"Mar 14, 2025 13:52:35.102998000 Pakistan Standard Time",,,,SSDP,1,,,,,,192.168.100.123,239.255.255.250,,,,M-SEARCH * HTTP/1.1 ,167,1.025515000,,,""
222,"Mar 14, 2025 13:52:35.104587000 Pakistan Standard Time",,,,ARP,,,,,,,,,,,,Who has 192.168.100.11? Tell 192.168.100.1,60,0.001589000,,,""
223,"Mar 14, 2025 13:52:35.409344000 Pakistan Standard Time",,,,SSDP,1,,,,,,192.168.100.123,239.255.255.250,,,,M-SEARCH * HTTP/1.1 ,167,0.304757000,,,""
224,"Mar 14, 2025 13:52:35.719849000 Pakistan Standard Time",,,,SSDP,1,,,,,,192.168.100.123,239.255.255.250,,,,M-SEARCH * HTTP/1.1 ,167,0.310505000,,,""
225,"Mar 14, 2025 13:52:36.740116000 Pakistan Standard Time",,,,MDNS,255,,,,,,192.168.100.40,224.0.0.251,,,,"Standard query 0x000f PTR _AAF8F49E._sub._googlecast._tcp.local, ""QM"" question PTR _googlecast._tcp.local, ""QM"" question",103,1.020267000,,,""
226,"Mar 14, 2025 13:52:37.149985000 Pakistan Standard Time",,,,MDNS,255,,,,,,192.168.100.67,224.0.0.251,,,,"Standard query 0x0000 PTR _sleep-proxy._udp.local, ""QU"" question OPT",112,0.409869000,,,""
227,"Mar 14, 2025 13:52:37.354868000 Pakistan Standard Time",,,,MDNS,255,,,,,,192.168.100.123,224.0.0.251,,,,"Standard query 0x0005 PTR _2DB7CC49._sub._googlecast._tcp.local, ""QM"" question PTR _googlecast._tcp.local, ""QM"" question",103,0.204883000,,,""
228,"Mar 14, 2025 13:52:37.455570000 Pakistan Standard Time",,,,IGMPv2,1,,,,,,192.168.100.67,224.0.0.2,,,,Leave Group 224.0.0.251,46,0.100702000,,,""
229,"Mar 14, 2025 13:52:37.457473000 Pakistan Standard Time",,,,IGMPv2,1,,,,,,192.168.100.67,224.0.0.251,,,,Membership Report group 224.0.0.251,46,0.001903000,,,""
230,"Mar 14, 2025 13:52:37.703745000 Pakistan Standard Time",,,,TLSv1.2,,,,,,,,,443,51239,0x0018,Application Data,113,0.246272000,,,""
231,"Mar 14, 2025 13:52:37.703913000 Pakistan Standard Time",,,,TCP,,,,,,,,,51239,443,0x0010,51239 → https(443) [ACK] Seq=1 Ack=40 Win=1021 Len=0,74,0.000168000,,,""
232,"Mar 14, 2025 13:52:37.983729000 Pakistan Standard Time",,,,ICMPv6,,,,,,,,,,,,Multicast Listener Report Message v2,90,0.279816000,,,""
233,"Mar 14, 2025 13:52:38.071744000 Pakistan Standard Time",,,,MDNS,255,,,,,,192.168.100.67,224.0.0.251,,,,"Standard query 0x0000 PTR _sleep-proxy._udp.local, ""QM"" question OPT",112,0.088015000,,,""
234,"Mar 14, 2025 13:52:38.196493000 Pakistan Standard Time",,,,DNS,,,,,,,,,,,,Standard query 0x3c92 PTR 0.2.0.7.3.3.3.3.c.0.0.b.e.c.a.f.5.0.1.0.0.0.0.0.0.0.0.d.7.0.4.2.ip6.arpa OPT,163,0.124749000,,,""
235,"Mar 14, 2025 13:52:38.206894000 Pakistan Standard Time",,,,DNS,,,,,,,,,,,,Standard query response 0x3c92 No such name PTR 0.2.0.7.3.3.3.3.c.0.0.b.e.c.a.f.5.0.1.0.0.0.0.0.0.0.0.d.7.0.4.2.ip6.arpa SOA ns10.nayatel.com OPT,260,0.010401000,,,""
236,"Mar 14, 2025 13:52:38.685599000 Pakistan Standard Time",,,,ARP,,,,,,,,,,,,Who has 192.168.100.54? Tell 192.168.100.1,60,0.478705000,,,""
237,"Mar 14, 2025 13:52:39.108602000 Pakistan Standard Time",,,,TLSv1.2,,,,,,,,,443,51236,0x0018,Application Data,113,0.423003000,,,""
238,"Mar 14, 2025 13:52:39.108737000 Pakistan Standard Time",,,,TCP,,,,,,,,,51236,443,0x0010,51236 → https(443) [ACK] Seq=1 Ack=40 Win=1023 Len=0,74,0.000135000,,,""
239,"Mar 14, 2025 13:52:39.709861000 Pakistan Standard Time",,,,ARP,,,,,,,,,,,,Who has 192.168.100.54? Tell 192.168.100.1,60,0.601124000,,,""
240,"Mar 14, 2025 13:52:40.018842000 Pakistan Standard Time",,,,MDNS,255,,,,,,192.168.100.67,224.0.0.251,,,,"Standard query 0x0000 PTR _companion-link._tcp.local, ""QU"" question OPT",115,0.308981000,,,""
241,"Mar 14, 2025 13:52:40.202125000 Pakistan Standard Time",,,,DNS,,,,,,,,,,,,Standard query 0x258b PTR 0.2.0.7.3.3.3.3.c.0.0.b.e.c.a.f.6.0.1.0.0.0.0.0.0.0.0.d.7.0.4.2.ip6.arpa OPT,163,0.183283000,,,""
242,"Mar 14, 2025 13:52:40.213629000 Pakistan Standard Time",,,,DNS,,,,,,,,,,,,Standard query response 0x258b No such name PTR 0.2.0.7.3.3.3.3.c.0.0.b.e.c.a.f.6.0.1.0.0.0.0.0.0.0.0.d.7.0.4.2.ip6.arpa SOA ns10.nayatel.com OPT,260,0.011504000,,,""
243,"Mar 14, 2025 13:52:40.630976000 Pakistan Standard Time",,,,ARP,,,,,,,,,,,,Who has 192.168.100.54? Tell 192.168.100.1,60,0.417347000,,,""
244,"Mar 14, 2025 13:52:42.679287000 Pakistan Standard Time",,,,ICMPv6,,,,,,,,,,,,Neighbor Solicitation for fe80::1 from a0:47:d7:11:0e:1e,86,2.048311000,,,""
245,"Mar 14, 2025 13:52:42.683237000 Pakistan Standard Time",,,,ICMPv6,,,,,,,,,,,,"Neighbor Advertisement fe80::1 (rtr, sol)",78,0.003950000,,,""
246,"Mar 14, 2025 13:52:42.699350000 Pakistan Standard Time",,,,TLSv1.2,,,,,,,,,443,51239,0x0018,Application Data,98,0.016113000,,,""
247,"Mar 14, 2025 13:52:42.699350000 Pakistan Standard Time",,,,TCP,,,,,,,,,443,51239,0x0011,"https(443) → 51239 [FIN, ACK] Seq=64 Ack=1 Win=123 Len=0",74,0.000000000,,,""
248,"Mar 14, 2025 13:52:42.699426000 Pakistan Standard Time",,,,TCP,,,,,,,,,51239,443,0x0010,51239 → https(443) [ACK] Seq=1 Ack=65 Win=1021 Len=0,74,0.000076000,,,""
249,"Mar 14, 2025 13:52:44.114410000 Pakistan Standard Time",,,,TLSv1.2,,,,,,,,,443,51236,0x0018,Application Data,98,1.414984000,,,""
250,"Mar 14, 2025 13:52:44.114410000 Pakistan Standard Time",,,,TCP,,,,,,,,,443,51236,0x0011,"https(443) → 51236 [FIN, ACK] Seq=64 Ack=1 Win=123 Len=0",74,0.000000000,,,""
251,"Mar 14, 2025 13:52:44.114530000 Pakistan Standard Time",,,,TCP,,,,,,,,,51236,443,0x0010,51236 → https(443) [ACK] Seq=1 Ack=65 Win=1023 Len=0,74,0.000120000,,,""
252,"Mar 14, 2025 13:52:45.138476000 Pakistan Standard Time",,,,SSDP,1,,,,,,192.168.100.123,239.255.255.250,,,,M-SEARCH * HTTP/1.1 ,167,1.023946000,,,""
253,"Mar 14, 2025 13:52:45.342602000 Pakistan Standard Time",,,,SSDP,1,,,,,,192.168.100.123,239.255.255.250,,,,M-SEARCH * HTTP/1.1 ,167,0.204126000,,,""
254,"Mar 14, 2025 13:52:45.752222000 Pakistan Standard Time",,,,SSDP,1,,,,,,192.168.100.123,239.255.255.250,,,,M-SEARCH * HTTP/1.1 ,167,0.409620000,,,""
255,"Mar 14, 2025 13:52:47.391599000 Pakistan Standard Time",,,,MDNS,255,,,,,,192.168.100.68,224.0.0.251,,,,"Standard query response 0x0000 PTR, cache flush Android-3.local PTR, cache flush Android-3.local A, cache flush 192.168.100.68 AAAA, cache flush fe80::a859:3fff:fef4:8a88 NSEC, cache flush 68.100.168.192.in-addr.arpa NSEC, cache flush 8.8.A.8.4.F.E.F.F.F.F.3.9.5.8.A.0.0.0.0.0.0.0.0.0.0.0.0.0.8.E.F.ip6.arpa NSEC, cache flush Android-3.local",292,1.639377000,,,""
256,"Mar 14, 2025 13:52:53.071396000 Pakistan Standard Time",,,,TCP,62,,,,,,52.98.61.34,192.168.100.149,443,51229,0x0010,[TCP Dup ACK 44#2] https(443) → 51229 [ACK] Seq=1 Ack=1 Win=16386 Len=0,60,5.679797000,,,""
257,"Mar 14, 2025 13:52:53.071505000 Pakistan Standard Time",,,,TCP,128,,,,,,192.168.100.149,52.98.61.34,51229,443,0x0010,[TCP Dup ACK 45#2] 51229 → https(443) [ACK] Seq=1 Ack=2 Win=1024 Len=0,54,0.000109000,,,""
